empID,username,email,password,role,created_at
1a2b3c4d-5e6f-7g8h-9i0j-1k2l3m4n5o6p,john.doe,john.doe@example.com,$2a$12$Z0AqDR/3Kw3sMgta01u9iu1nS8qQ8HnT.e.htEVaxpk/AzjKQNxb2,USER,1/15/2023 8:00
1a2b3c4d-5e6f-7g8h-9i0j-1k2l3m4n5o6q,john.doe.sr,john.doe.sr@example.com,$2a$12$Z0AqDR/3Kw3sMgta01u9iu1nS8qQ8HnT.e.htEVaxpk/AzjKQNxb3,USER,1/15/2024 8:00
2a3b4c5d-6e7f-8g9h-0i1j-2k3l4m5n6o7r,jane.smith,jane.smith@domain.com,$2a$12$Z0AqDR/3Kw3sMgta01u9iu1nS8qQ8HnT.e.htEVaxpk/AzjKQNxb4,ADMIN,6/1/2023 9:00
3b4c5d6e-7f8g-9h0i-1j2k-3l4m5n6o7p8t,michael.brown,michael.brown@company.com,$2a$12$Z0AqDR/3Kw3sMgta01u9iu1nS8qQ8HnT.e.htEVaxpk/AzjKQNxb5,USER,5/1/2018 10:00
3b4c5d6e-7f8g-9h0i-1j2k-3l4m5n6o7p8u,michael.brown.sr,michael.brown.sr@domain.com,$2a$12$Z0AqDR/3Kw3sMgta01u9iu1nS8qQ8HnT.e.htEVaxpk/AzjKQNxb6,USER,5/1/2020 10:00
5d6e7f8g-9h0i-1j2k-3l4m-5n6o7p8q9r0w,bob.williams,bob.williams@example.com,$2a$12$Z0AqDR/3Kw3sMgta01u9iu1nS8qQ8HnT.e.htEVaxpk/AzjKQNxb7,USER,4/20/2016 14:00
7f8g9h0i-1j2k-3l4m-5n6o-7p8q9r0s1t2y,christopher.wilson,christopher.wilson@company.com,$2a$12$Z0AqDR/3Kw3sMgta01u9iu1nS8qQ8HnT.e.htEVaxpk/AzjKQNxb8,USER,8/15/2023 16:00
8g9h0i1j-2k3l-4m5n-6o7p-8q9r0s1t2u3v,david.lee,david.lee@domain.com,$2a$12$Z0AqDR/3Kw3sMgta01u9iu1nS8qQ8HnT.e.htEVaxpk/AzjKQNxb9,USER,3/20/2023 9:30
9h0i1j2k-3l4m-5n6o-7p8q-9r0s1t2u3v4w,sarah.connor,sarah.connor@example.com,$2a$12$Z0AqDR/3Kw3sMgta01u9iu1nS8qQ8HnT.e.htEVaxpk/AzjKQNxb10,USER,11/1/2022 11:00
0i1j2k3l-4m5n-6o7p-8q9r-0s1t2u3v4w5x,emily.carter,emily.carter@company.com,$2a$12$Z0AqDR/3Kw3sMgta01u9iu1nS8qQ8HnT.e.htEVaxpk/AzjKQNxb11,USER,5/15/2021 12:00
1j2k3l4m-5n6o-7p8q-9r0s-1t2u3v4w5x6y,liam.scott,liam.scott@domain.com,$2a$12$Z0AqDR/3Kw3sMgta01u9iu1nS8qQ8HnT.e.htEVaxpk/AzjKQNxb12,USER,4/20/2017 10:30
2k3l4m5n-6o7p-8q9r-0s1t-2u3v4w5x6y7z,olivia.brown,olivia.brown@example.com,$2a$12$Z0AqDR/3Kw3sMgta01u9iu1nS8qQ8HnT.e.htEVaxpk/AzjKQNxb13,ADMIN,8/15/2015 14:00
3l4m5n6o-7p8q-9r0s-1t2u-3v4w5x6y7z8a,james.wilson,james.wilson@domain.com,$2a$12$Z0AqDR/3Kw3sMgta01u9iu1nS8qQ8HnT.e.htEVaxpk/AzjKQNxb14,USER,2/1/2022 8:00
4m5n6o7p-8q9r-0s1t-2u3v-4w5x6y7z8a9b,grace.smith,grace.smith@company.com,$2a$12$Z0AqDR/3Kw3sMgta01u9iu1nS8qQ8HnT.e.htEVaxpk/AzjKQNxb15,USER,5/1/2021 15:00
5n6o7p8q-9r0s-1t2u-3v4w-5x6y7z8a9b0c,henry.johnson,henry.johnson@domain.com,$2a$12$Z0AqDR/3Kw3sMgta01u9iu1nS8qQ8HnT.e.htEVaxpk/AzjKQNxb16,USER,1/10/2020 11:30
6o7p8q9r-0s1t-2u3v-4w5x-6y7z8a9b0c1d,lucas.kim,lucas.kim@example.com,$2a$12$Z0AqDR/3Kw3sMgta01u9iu1nS8qQ8HnT.e.htEVaxpk/AzjKQNxb17,USER,6/5/2016 9:00
7p8q9r0s-1t2u-3v4w-5x6y-7z8a9b0c1d2e,mark.taylor,mark.taylor@domain.com,$2a$12$Z0AqDR/3Kw3sMgta01u9iu1nS8qQ8HnT.e.htEVaxpk/AzjKQNxb18,USER,7/10/2023 8:00
8q9r0s1t-2u3v-4w5x-6y7z-8a9b0c1d2e3f,susan.clark,susan.clark@domain.com,$2a$12$Z0AqDR/3Kw3sMgta01u9iu1nS8qQ8HnT.e.htEVaxpk/AzjKQNxb19,USER,5/5/2022 9:15
9r0s1t2u-3v4w-5x6y-7z8a-9b0c1d2e3f4g,rachel.green,rachel.green@company.com,$2a$12$Z0AqDR/3Kw3sMgta01u9iu1nS8qQ8HnT.e.htEVaxpk/AzjKQNxb20,USER,6/1/2024 11:00
0s1t2u3v-4w5x-6y7z-8a9b-0c1d2e3f4g5h,david.brown,david.brown@domain.com,$2a$12$Z0AqDR/3Kw3sMgta01u9iu1nS8qQ8HnT.e.htEVaxpk/AzjKQNxb21,USER,6/1/2021 11:00
1t2u3v4w-5x6y-7z8a-9b0c-1d2e3f4g5h6i,lily.adams,lily.adams@company.com,$2a$12$Z0AqDR/3Kw3sMgta01u9iu1nS8qQ8HnT.e.htEVaxpk/AzjKQNxb22,USER,3/15/2020 12:45
2u3v4w5x-6y7z-8a9b-0c1d-2e3f4g5h6i7j,henry.johnson,henry.johnson@domain.com,$2a$12$Z0AqDR/3Kw3sMgta01u9iu1nS8qQ8HnT.e.htEVaxpk/AzjKQNxb23,USER,2/20/2021 14:00
3v4w5x6y-7z8a-9b0c-1d2e-3f4g5h6i7j8k,emma.wilson,emma.wilson@company.com,$2a$12$Z0AqDR/3Kw3sMgta01u9iu1nS8qQ8HnT.e.htEVaxpk/AzjKQNxb24,ADMIN,1/25/2014 15:30
4w5x6y7z-8a9b-0c1d-2e3f-4g5h6i7j8k9l,nina.parker,nina.parker@domain.com,$2a$12$Z0AqDR/3Kw3sMgta01u9iu1nS8qQ8HnT.e.htEVaxpk/AzjKQNxb25,USER,10/5/2022 8:00
5x6y7z8a-9b0c-1d2e-3f4g-5h6i7j8k9l0m,oliver.king,oliver.king@company.com,$2a$12$Z0AqDR/3Kw3sMgta01u9iu1nS8qQ8HnT.e.htEVaxpk/AzjKQNxb26,USER,11/1/2020 9:45
6y7z8a9b-0c1d-2e3f-4g5h-6i7j8k9l0m1n,sophia.turner,sophia.turner@domain.com,$2a$12$Z0AqDR/3Kw3sMgta01u9iu1nS8qQ8HnT.e.htEVaxpk/AzjKQNxb27,USER,5/10/2024 10:00
7z8a9b0c-1t2u-3v4w-5x6y-7z8a9b0c1d2e,jack.thompson,jack.thompson@company.com,$2a$12$Z0AqDR/3Kw3sMgta01u9iu1nS8qQ8HnT.e.htEVaxpk/AzjKQNxb28,USER,2/12/2019 11:15
8a9b0c1d-2e3f-4g5h-6i7j-8k9l0m1n2o3p,amelia.scott,amelia.scott@domain.com,$2a$12$Z0AqDR/3Kw3sMgta01u9iu1nS8qQ8HnT.e.htEVaxpk/AzjKQNxb29,USER,3/5/2019 12:00
9b0c1d2e-3f4g-5h6i-7j8k-9l0m1n2o3p4q,ryan.harris,ryan.harris@company.com,$2a$12$Z0AqDR/3Kw3sMgta01u9iu1nS8qQ8HnT.e.htEVaxpk/AzjKQNxb30,USER,12/1/2015 13:30
6i7j8k9l-0m1n-2o3p-4q5r-6s7t8u9v0x1y,grace.lee,grace.lee@example.com,$2a$12$Z0AqDR/3Kw3sMgta01u9iu1nS8qQ8HnT.e.htEVaxpk/AzjKQNxb31,USER,5/20/2021 9:30
7j8k9l0m-1n2o-3p4q-5r6s-7t8u9v0x1y2z,aiden.king,aiden.king@example.com,$2a$12$Z0AqDR/3Kw3sMgta01u9iu1nS8qQ8HnT.e.htEVaxpk/AzjKQNxb32,USER,8/12/2020 11:00
8k9l0m1n-2o3p-4q5r-6s7t-8u9v0x1y2z3a,lily.carter,lily.carter@example.com,$2a$12$Z0AqDR/3Kw3sMgta01u9iu1nS8qQ8HnT.e.htEVaxpk/AzjKQNxb33,USER,2/10/2019 10:00
9l0m1n2o-3p4q-5r6s-7t8u-9v0x1y2z3a4b,noah.allen,noah.allen@example.com,$2a$12$Z0AqDR/3Kw3sMgta01u9iu1nS8qQ8HnT.e.htEVaxpk/AzjKQNxb34,USER,1/18/2018 12:30
0m1n2o3p-4q5r-6s7t-8u9v-0x1y2z3a4b5c,emily.hall,emily.hall@example.com,$2a$12$Z0AqDR/3Kw3sMgta01u9iu1nS8qQ8HnT.e.htEVaxpk/AzjKQNxb35,USER,6/30/2015 14:45
1n2o3p4q-5r6s-7t8u-9v0x-1y2z3a4b5c6d,sophia.wilson,sophia.wilson@example.com,$2a$12$Z0AqDR/3Kw3sMgta01u9iu1nS8qQ8HnT.e.htEVaxpk/AzjKQNxb36,USER,3/25/2014 11:15
2o3p4q5r-6s7t-8u9v-0x1y-2z3a4b5c6d7e,james.harris,james.harris@example.com,$2a$12$Z0AqDR/3Kw3sMgta01u9iu1nS8qQ8HnT.e.htEVaxpk/AzjKQNxb37,USER,4/10/2023 9:00
3p4q5r6s-7t8u-9v0x-1y2z-3a4b5c6d7e8f,olivia.martinez,olivia.martinez@example.com,$2a$12$Z0AqDR/3Kw3sMgta01u9iu1nS8qQ8HnT.e.htEVaxpk/AzjKQNxb38,USER,12/1/2021 10:30
4q5r6s7t-8u9v-0x1y-2z3a-4b5c6d7e8f9g,lucas.roberts,lucas.roberts@example.com,$2a$12$Z0AqDR/3Kw3sMgta01u9iu1nS8qQ8HnT.e.htEVaxpk/AzjKQNxb39,USER,1/15/2020 12:00
5r6s7t8u-9v0x-1y2z-3a4b-5c6d7e8f9g0h,mia.lewis,mia.lewis@example.com,$2a$12$Z0AqDR/3Kw3sMgta01u9iu1nS8qQ8HnT.e.htEVaxpk/AzjKQNxb40,USER,5/30/2019 11:00
6s7t8u9v-0x1y-2z3a-4b5c-6d7e8f9g0h1i,jacob.walker,jacob.walker@example.com,$2a$12$Z0AqDR/3Kw3sMgta01u9iu1nS8qQ8HnT.e.htEVaxpk/AzjKQNxb41,USER,10/1/2017 14:30
7t8u9v0x-1y2z-3a4b-5c6d-7e8f9g0h1i2j,ethan.young,ethan.young@example.com,$2a$12$Z0AqDR/3Kw3sMgta01u9iu1nS8qQ8HnT.e.htEVaxpk/AzjKQNxb42,USER,7/22/2015 13:15
8u9v0x1y-2z3a-4b5c-6d7e-8f9g0h1i2j3k,chloe.king,chloe.king@example.com,$2a$12$Z0AqDR/3Kw3sMgta01u9iu1nS8qQ8HnT.e.htEVaxpk/AzjKQNxb43,USER,11/30/2013 9:45
9v0x1y2z-3a4b-5c6d-7e8f-9g0h1i2j3k4l,isabella.scott,isabella.scott@example.com,$2a$12$Z0AqDR/3Kw3sMgta01u9iu1nS8qQ8HnT.e.htEVaxpk/AzjKQNxb44,USER,5/5/2023 11:30
0x1y2z3a-4b5c-6d7e-8f9g-0h1i2j3k4l5m,mason.martinez,mason.martinez@example.com,$2a$12$Z0AqDR/3Kw3sMgta01u9iu1nS8qQ8HnT.e.htEVaxpk/AzjKQNxb45,USER,8/10/2022 10:00
1y2z3a4b-5c6d-7e8f-9g0h-1i2j3k4l5m6n,samantha.brown,samantha.brown@example.com,$2a$12$Z0AqDR/3Kw3sMgta01u9iu1nS8qQ8HnT.e.htEVaxpk/AzjKQNxb46,USER,4/12/2021 8:15
0a1b2c3d-4e5f-6g7h-8i9j-0k1l2m3n4o5p,alex.johnson,alex.johnson@example.com,$2a$12$Z0AqDR/3Kw3sMgta01u9iu1nS8qQ8HnT.e.htEVaxpk/AzjKQNxb47,USER,9/1/2023 10:00
3d4e5f6g-7h8i-9j0k-1l2m-3n4o5p6q7r8s,sophia.miller,sophia.miller@example.com,$2a$12$Z0AqDR/3Kw3sMgta01u9iu1nS8qQ8HnT.e.htEVaxpk/AzjKQNxb48,USER,9/12/2018 10:00
4e5f6g7h-8i9j-0k1l-2m3n-4o5p6q7r8s9t,william.lee,william.lee@example.com,$2a$12$Z0AqDR/3Kw3sMgta01u9iu1nS8qQ8HnT.e.htEVaxpk/AzjKQNxb49,USER,1/25/2017 12:30
5f6g7h8i-9j0k-1l2m-3n4o-5p6q7r8s9t0u,evelyn.lopez,evelyn.lopez@example.com,$2a$12$Z0AqDR/3Kw3sMgta01u9iu1nS8qQ8HnT.e.htEVaxpk/AzjKQNxb50,USER,7/11/2015 14:45
6g7h8i9j-0k1l-2m3n-4o5p-6q7r8s9t0u1v,lucas.martinez,lucas.martinez@example.com,$2a$12$Z0AqDR/3Kw3sMgta01u9iu1nS8qQ8HnT.e.htEVaxpk/AzjKQNxb51,USER,5/30/2013 11:15
7h8i9j0k-1l2m-3n4o-5p6q-7r8s9t0u1v2w,chloe.robinson,chloe.robinson@example.com,$2a$12$Z0AqDR/3Kw3sMgta01u9iu1nS8qQ8HnT.e.htEVaxpk/AzjKQNxb52,USER,8/15/2023 9:00
8i9j0k1l-2m3n-4o5p-6q7r-8s9t0u1v2w3x,mia.king,mia.king@example.com,$2a$12$Z0AqDR/3Kw3sMgta01u9iu1nS8qQ8HnT.e.htEVaxpk/AzjKQNxb53,USER,11/10/2021 10:30
9j0k1l2m-3n4o-5p6q-7r8s-8t9u1v2w3x4y,ethan.young,ethan.young@example.com,$2a$12$Z0AqDR/3Kw3sMgta01u9iu1nS8qQ8HnT.e.htEVaxpk/AzjKQNxb54,USER,2/1/2020 12:00
0k1l2m3n-4o5p-6q7r-8s9t-0u1v2w3x4y5z,isabella.hall,isabella.hall@example.com,$2a$12$Z0AqDR/3Kw3sMgta01u9iu1nS8qQ8HnT.e.htEVaxpk/AzjKQNxb55,USER,10/21/2019 11:00
1l2m3n4o-5p6q-7r8s-9t0u-1v2w3x4y5z6a,aiden.white,aiden.white@example.com,$2a$12$Z0AqDR/3Kw3sMgta01u9iu1nS8qQ8HnT.e.htEVaxpk/AzjKQNxb56,USER,4/15/2018 9:30
2m3n4o5p-6q7r-8s9t-0u1v-2w3x4y5z6a7b,sarah.lewis,sarah.lewis@example.com,$2a$12$Z0AqDR/3Kw3sMgta01u9iu1nS8qQ8HnT.e.htEVaxpk/AzjKQNxb57,USER,2/11/2015 14:30
3n4o5p6q-7r8s-9t0u-1v2w-3x4y5z6a7b8c,james.harris,james.harris@example.com,$2a$12$Z0AqDR/3Kw3sMgta01u9iu1nS8qQ8HnT.e.htEVaxpk/AzjKQNxb58,USER,6/5/2014 10:15
4o5p6q7r-8s9t-0u1v-2w3x-4y5z6a7b8c9d,grace.green,grace.green@example.com,$2a$12$Z0AqDR/3Kw3sMgta01u9iu1nS8qQ8HnT.e.htEVaxpk/AzjKQNxb59,USER,6/20/2023 10:00
5p6q7r8s-9t0u-1v2w-3x4y-5z6a7b8c9d0e,oliver.wilson,oliver.wilson@example.com,$2a$12$Z0AqDR/3Kw3sMgta01u9iu1nS8qQ8HnT.e.htEVaxpk/AzjKQNxb60,USER,3/17/2022 9:30
6a7b8c9d-0e1f-2g3h-4i5j-6k7l8m9n0o1p,emma.thompson,emma.thompson@example.com,$2a$12$Z0AqDR/3Kw3sMgta01u9iu1nS8qQ8HnT.e.htEVaxpk/AzjKQNxb61,USER,8/5/2023 10:00
7b8c9d0e-1f2g-3h4i-5j6k-7l8m9n0o1p2q,james.smith,james.smith@example.com,$2a$12$Z0AqDR/3Kw3sMgta01u9iu1nS8qQ8HnT.e.htEVaxpk/AzjKQNxb62,USER,4/30/2021 9:15
8c9d0e1f-2g3h-4i5j-6k7l-8m9n0o1p2q3r,liam.johnson,liam.johnson@example.com,$2a$12$Z0AqDR/3Kw3sMgta01u9iu1nS8qQ8HnT.e.htEVaxpk/AzjKQNxb63,USER,11/11/2020 10:30
9d0e1f2g-3h4i-5j6k-7l8m-9n0o1p2q3r4s,olivia.garcia,olivia.garcia@example.com,$2a$12$Z0AqDR/3Kw3sMgta01u9iu1nS8qQ8HnT.e.htEVaxpk/AzjKQNxb64,USER,9/22/2018 10:00
0e1f2g3h-4i5j-6k7l-8m9n-0o1p2q3r4s5t,lucas.martinez,lucas.martinez@example.com,$2a$12$Z0AqDR/3Kw3sMgta01u9iu1nS8qQ8HnT.e.htEVaxpk/AzjKQNxb65,USER,5/15/2017 12:00
1f2g3h4i-5j6k-7l8m-9n0o-1p2q3r4s5t6u,sofia.hernandez,sofia.hernandez@example.com,$2a$12$Z0AqDR/3Kw3sMgta01u9iu1nS8qQ8HnT.e.htEVaxpk/AzjKQNxb66,USER,12/1/2016 13:45
2g3h4i5j-6k7l-8m9n-0o1p-2q3r4s5t6u7v,aiden.lee,aiden.lee@example.com,$2a$12$Z0AqDR/3Kw3sMgta01u9iu1nS8qQ8HnT.e.htEVaxpk/AzjKQNxb67,USER,4/25/2014 11:15
3h4i5j6k-7l8m-9n0o-1p2q-3r4s5t6u7v8w,mia.wilson,mia.wilson@example.com,$2a$12$Z0AqDR/3Kw3sMgta01u9iu1nS8qQ8HnT.e.htEVaxpk/AzjKQNxb68,USER,6/10/2023 10:30
4i5j6k7l-8m9n-0o1p-2q3r-4s5t6u7v8w9x,noah.anderson,noah.anderson@example.com,$2a$12$Z0AqDR/3Kw3sMgta01u9iu1nS8qQ8HnT.e.htEVaxpk/AzjKQNxb69,USER,1/8/2022 9:45
5j6k7l8m-9n0o-1p2q-3r4s-5t6u7v8w9x0y,sophia.thomas,sophia.thomas@example.com,$2a$12$Z0AqDR/3Kw3sMgta01u9iu1nS8qQ8HnT.e.htEVaxpk/AzjKQNxb70,USER,3/1/2020 12:15
6k7l8m9n-0o1p-2q3r-4s5t-6u7v8w9x0y1z,jack.davis,jack.davis@example.com,$2a$12$Z0AqDR/3Kw3sMgta01u9iu1nS8qQ8HnT.e.htEVaxpk/AzjKQNxb71,USER,7/14/2019 11:00
7l8m9n0o-1p2q-3h4i-5j6k-7l8m9n0o1p2q,isabella.brown,isabella.brown@example.com,$2a$12$Z0AqDR/3Kw3sMgta01u9iu1nS8qQ8HnT.e.htEVaxpk/AzjKQNxb72,USER,11/18/2018 10:00
8m9n0o1p-2q3r-4s5t-6u7v-8w9x0y1z2a3b,ethan.wilson,ethan.wilson@example.com,$2a$12$Z0AqDR/3Kw3sMgta01u9iu1nS8qQ8HnT.e.htEVaxpk/AzjKQNxb73,USER,9/15/2016 14:30
9n0o1p2q-3r4s-5t6u-7v8w-0x1y2z3a4b5c,amelia.lee,amelia.lee@example.com,$2a$12$Z0AqDR/3Kw3sMgta01u9iu1nS8qQ8HnT.e.htEVaxpk/AzjKQNxb74,USER,10/5/2013 10:00
0o1p2q3r-4s5t-6u7v-8w9x-1y2z3a4b5c6d,liam.garcia,liam.garcia@example.com,$2a$12$Z0AqDR/3Kw3sMgta01u9iu1nS8qQ8HnT.e.htEVaxpk/AzjKQNxb75,USER,7/20/2023 9:30
1p2q3r4s-5t6u-7v8w-9x0y-2z3a4b5c6d7e,ava.robinson,ava.robinson@example.com,$2a$12$Z0AqDR/3Kw3sMgta01u9iu1nS8qQ8HnT.e.htEVaxpk/AzjKQNxb76,USER,12/5/2022 10:45
2p3q4r5s-6t7u-8v9w-0x1y-2z3a4b5c6d7e,oliver.smith,oliver.smith@example.com,$2a$12$Z0AqDR/3Kw3sMgta01u9iu1nS8qQ8HnT.e.htEVaxpk/AzjKQNxb77,USER,9/12/2023 10:00
3q4r5s6t-7u8v-9w0x-1y2z-3a4b5c6d7e8f,emma.johnson,emma.johnson@example.com,$2a$12$Z0AqDR/3Kw3sMgta01u9iu1nS8qQ8HnT.e.htEVaxpk/AzjKQNxb78,USER,3/18/2021 9:15
